

SET SQL_MODE="NO_AUTO_VALUE_ON_ZERO";
SET time_zone = "+00:00";



--
-- Database: `sms`
--

-- --------------------------------------------------------

--
-- Table structure for table `admins`
--

CREATE TABLE IF NOT EXISTS `admins` (
  `id` int(11) NOT NULL AUTO_INCREMENT,
  `username` varchar(45) NOT NULL,
  `hashed_password` varchar(255) NOT NULL,
  `email` varchar(45) DEFAULT NULL,
  PRIMARY KEY (`id`)
) ENGINE=InnoDB  DEFAULT CHARSET=utf8 AUTO_INCREMENT=2 ;

--
-- Dumping data for table `admins`
--

INSERT INTO `admins` (`id`, `username`, `hashed_password`, `email`) VALUES
(1, 'motae', '$2y$10$YjQ2MWZhNjdiZmNkNmU5OOOuDd/yiIP/nJdl1VwbHYAkCkTzm83Iu', 'motae99@gmail.com');

-- --------------------------------------------------------

--
-- Table structure for table `clinic`
--

CREATE TABLE IF NOT EXISTS `clinic` (
  `id` int(11) NOT NULL,
  `name` varchar(45) NOT NULL,
  `address` varchar(45) NOT NULL,
  `loc_id` int(11) NOT NULL,
  `phone` int(11) NOT NULL,
  PRIMARY KEY (`id`),
  KEY `loc_id` (`loc_id`)
) ENGINE=InnoDB DEFAULT CHARSET=utf8;

--
-- Dumping data for table `clinic`
--

INSERT INTO `clinic` (`id`, `name`, `address`, `loc_id`, `phone`) VALUES
(1, ' الاطباء', 'شارع المطار', 1, 923456718),
(2, ' يشتبشرون', 'الرياض جوار اكادمية العلوم الطبية', 1, 923456783),
(3, ' ابن خلدون', 'شمال حديقة اشراق التجانى يوسف بشير', 1, 921345675),
(4, 'مركز يثرب الطبي', 'الشجرة', 1, 901775623),
(5, 'مستفى الحكمة', 'العمارات ', 1, 912345678),
(6, 'مستوصف سلامتك الطبي', 'السرواب محطة', 2, 987643251),
(7, ' البراحة الطبي', 'شمبات شرق السوق المركزي', 2, 923456743),
(8, ' حراء التخصصي', 'الحاج يوسف الردمية محطة نقذو', 2, 918008888),
(9, ' الدولي', 'شارع الزعيم الازهري شرق الكبري', 2, 911159731),
(10, ' الدسوقي التخصصي', 'الثورة شارع الشنقطي الحارة', 3, 923456712),
(11, 'مجمع فهد الطبي', 'الثورة الحارة', 3, 911611336),
(12, 'مركز الامام الطبي', 'جوار صيدلية الصالحة الشارع العام', 3, 92345674),
(13, 'مستشفى جامبو', 'الرياض المشتل تقاطع الستين', 1, 912345673),
(14, 'مستشفى الخليفة للجلدية', 'حي العمدة', 3, 967843245),
(15, 'مجمع البلسم الطبي', 'الصالحة مربع', 3, 123006089),
(16, 'مستوصف نوران الطبي', 'المهندسين مربع', 3, 917653485),
(17, 'مركز الرحمة التخصصي', 'جنوب مستشفى بحري الاملاك', 2, 912316986),
(18, 'الجناح الخاص مستشفى بحري', 'شارع مستشفى بحري', 2, 185331184),
(19, 'مستشفى النيل الازرق', 'الشهداء', 3, 912345687),
(20, 'مستشفى الملازمين', 'الشهداء شمال مشتل الاذاعة', 3, 912182705),
(21, 'مركز د ياسر عمر عبيد', 'ام القرى شارع الدبابين', 2, 153995853),
(22, 'مركز حي الجامعة التخصصي', ' الفيحاء شارع الامين دفع الله مربع', 2, 155255265);

-- --------------------------------------------------------

--
-- Table structure for table `lab`
--

CREATE TABLE IF NOT EXISTS `lab` (
  `id` int(11) NOT NULL AUTO_INCREMENT,
  `name` varchar(45) NOT NULL,
  `address` varchar(45) NOT NULL,
  `loc_id` int(11) NOT NULL,
  `phone` int(11) NOT NULL,
  PRIMARY KEY (`id`),
  KEY `loc_id` (`loc_id`)
) ENGINE=InnoDB  DEFAULT CHARSET=utf8 AUTO_INCREMENT=21 ;

--
-- Dumping data for table `lab`
--

INSERT INTO `lab` (`id`, `name`, `address`, `loc_id`, `phone`) VALUES
(1, 'هيئة الطاقة الذرية', 'جنوب كمبوني شارع السيد عبد الرحمن', 1, 915089053),
(2, 'المركز الاستشاري', 'عيادة د/عشميق شارع المك نمر', 1, 915115145),
(3, 'المركز الطبي الحديث', 'شارع المطارالمركز الطبي الحديث', 1, 915037361),
(4, 'مجمع الكوقلي', 'شارع السيد عبد الرحم مجمع الكوقلي', 1, 911718998),
(5, 'محمد عمر عالييب', 'مجمع الرحمة شارع حوادث مستشفى الخرطوم', 1, 911707200),
(6, 'المختبر السوداني السعودي', 'شارع البلدية جوار الخطوط السورية', 1, 915470107),
(7, 'الغرفة الطبية', 'الموسسة مقابل صيدلية السنجك', 2, 911837105),
(8, 'دكتور الامين محمد ابراهيم', 'شارع المعونة جوتر صيدلية الشعبية', 2, 912238839),
(9, 'عبد الماجد ابراهيم الطاهر', 'الحلفايا عيادة دكتور مجدي لويس', 2, 915089189),
(10, 'المختبر الطبي الاستشاري', 'شارع الحوادث', 2, 915040165),
(11, 'مركز الرحمة لتشخيص الطبي', 'جنوب مستشفى بحري الاملاك', 2, 915939187),
(12, ' دكتورة سناء الطاهر', 'مجمع امدرمان التشخيصي شارع الوادي', 3, 925260963),
(13, 'مستشفى النيل الازرق', 'جوار-مستشفى النيل الازرق', 3, 2147483647),
(14, 'قسمة محمد مرسال', 'شارع الاربعين', 3, 115799454),
(15, 'معمل دفع الله الشيخ عمر', 'شارع الدكاترةجوتر صيدلية الرحمة', 3, 918038284),
(16, 'شقلبان', 'شرقي محطة شقلبان', 3, 911715120),
(17, 'اشعة هجو مصطفي', 'مجمع ام درمان التشخيصي', 3, 909445559),
(18, 'مركز الرنين المغنطيسي', 'الصلاح الطبي', 3, 912627290),
(19, 'مركز اللاول للتشخيص', 'شارع الموردة امام فرع شيكان', 3, 121646695),
(20, 'المعل الطبي الحديث', 'شارع الدكاترة عقبالة صيدلية الحياة', 3, 912117139);

-- --------------------------------------------------------

--
-- Table structure for table `location`
--

CREATE TABLE IF NOT EXISTS `location` (
  `id` int(11) NOT NULL AUTO_INCREMENT,
  `state` varchar(45) NOT NULL,
  `city` varchar(45) NOT NULL,
  PRIMARY KEY (`id`)
) ENGINE=InnoDB  DEFAULT CHARSET=utf8 AUTO_INCREMENT=4 ;

--
-- Dumping data for table `location`
--

INSERT INTO `location` (`id`, `state`, `city`) VALUES
(1, 'الخرطوم', 'الخرطوم'),
(2, 'الخرطوم', 'بحري'),
(3, 'الخرطوم', 'امدرمان');

-- --------------------------------------------------------

--
-- Table structure for table `pharmacy`
--

CREATE TABLE IF NOT EXISTS `pharmacy` (
  `id` int(11) NOT NULL AUTO_INCREMENT,
  `name` varchar(45) NOT NULL,
  `address` varchar(45) NOT NULL,
  `loc_id` int(11) NOT NULL,
  `phone` int(11) NOT NULL,
  PRIMARY KEY (`id`),
  KEY `loc_id` (`loc_id`)
) ENGINE=InnoDB  DEFAULT CHARSET=utf8 AUTO_INCREMENT=15 ;

--
-- Dumping data for table `pharmacy`
--

INSERT INTO `pharmacy` (`id`, `name`, `address`, `loc_id`, `phone`) VALUES
(1, 'الرضا الحديثة', 'شارع السيد عبدالرحمن الزمخشري', 1, 923344556),
(2, 'المركز الاستثماري', 'مركز عشميق شارع المك نمر', 1, 963452345),
(3, 'الاكسير', 'الحاج يوسف شارع واحد', 2, 923456785),
(4, ' الملوك', 'جوار مركز صحى الحلفايا', 2, 923456785),
(5, 'جبل اولياء', 'جبل اولياؤ السوق', 1, 923456787),
(6, 'نعمة الحديثة', 'الكلاكة شرق', 1, 987654363),
(7, 'الفريق', 'شارع ام دوم شرق الاتحاد التعاونى', 2, 923456786),
(8, 'مستشفى الاطباء', 'شارع المطار', 1, 921345678),
(9, 'مستشفى الذرة', 'شارع القصر مستشفى الذرة', 1, 956784235),
(10, 'شيكان', 'مقابل مستشفى فيصل', 1, 968754329),
(11, 'صيدليةصيدلية مستشفى فؤاد', 'السوق المحلى مستشفى فؤاد', 1, 923456476),
(12, 'مجمع العميد عبدون', 'شارع الحرية مقابل جاكسون', 1, 968796534),
(13, 'بلادي الحديثة', 'الكلاكة شرق', 1, 988888888),
(14, 'المتخصصة', 'الصحافةشرق شمال مستشفى فؤاد', 1, 987222222);

-- --------------------------------------------------------

--
-- Table structure for table `sms`
--

CREATE TABLE IF NOT EXISTS `sms` (
  `id` int(11) NOT NULL AUTO_INCREMENT,
  `no` int(11) NOT NULL,
  `location` varchar(45) NOT NULL,
  `service` varchar(45) NOT NULL,
  `text` varchar(255) NOT NULL,
  `time` timestamp NOT NULL DEFAULT CURRENT_TIMESTAMP,
  PRIMARY KEY (`id`),
  KEY `id` (`id`)
) ENGINE=InnoDB  DEFAULT CHARSET=utf8 AUTO_INCREMENT=242 ;

--
-- Dumping data for table `sms`
--

INSERT INTO `sms` (`id`, `no`, `location`, `service`, `text`, `time`) VALUES
(215, 990330863, 'الخرطوم', 'دكتور', 'د الفاضل العبيد عمر من 1صباحا الى 5صباحا في  الاطباء : شارع المطار<br>|د مصطفى البدري من 10صباحا الى 3مساء في مركز يثرب الطبي : الشجرة<br>|', '2015-06-29 23:53:11'),
(216, 990330863, 'الخرطوم', 'صيدلية', 'الرضا الحديثة: شارع السيد عبدالرحمن الزمخشري|المتخصصة: الصحافةشرق شمال مستشفى فؤاد|المركز الاستثماري: مركز عشميق شارع المك نمر|بلادي الحديثة: الكلاكة شرق|جبل اولياء: جبل اولياؤ السوق|شيكان: مقابل مستشفى فيصل|صيدليةصيدلية مستشفى فؤاد: السوق المحلى مستشفى ف', '2015-06-29 23:53:17'),
(217, 990330863, 'الخرطوم', 'معمل', 'المختبر السوداني السعودي: شارع البلدية جوار الخطوط السورية|المركز الاستشاري: عيادة د/عشميق شارع المك نمر|المركز الطبي الحديث: شارع المطارالمركز الطبي الحديث|مجمع الكوقلي: شارع السيد عبد الرحم مجمع الكوقلي|محمد عمر عالييب: مجمع الرحمة شارع حوادث مستشفى الخ', '2015-06-29 23:53:23'),
(218, 990330863, 'بحري', 'صيدلية', ' الملوك: جوار مركز صحى الحلفايا|الاكسير: الحاج يوسف شارع واحد|الفريق: شارع ام دوم شرق الاتحاد التعاونى|', '2015-06-29 23:53:33'),
(219, 990330863, 'بحري', 'صيدلية', '|', '2015-06-29 23:53:38'),
(220, 990330863, 'بحري', 'معمل', 'الغرفة الطبية: الموسسة مقابل صيدلية السنجك|المختبر الطبي الاستشاري: شارع الحوادث|دكتور الامين محمد ابراهيم: شارع المعونة جوتر صيدلية الشعبية|عبد الماجد ابراهيم الطاهر: الحلفايا عيادة دكتور مجدي لويس|مركز الرحمة لتشخيص الطبي: جنوب مستشفى بحري الاملاك|', '2015-06-29 23:53:46'),
(221, 990330863, 'بحري', 'دكتور', '|', '2015-06-29 23:53:52'),
(222, 990330863, 'الخرطوم', 'دكتور', 'د محي الدين سر الختم من 6مساء الى 10مساء  في  ابن خلدون : شمال حديقة اشراق التجانى يوسف بشير<br>|', '2015-06-29 23:53:58'),
(223, 990330863, 'الخرطوم', 'دكتور', '|', '2015-06-29 23:54:01'),
(224, 990330863, 'الخرطوم', 'دكتور', '|', '2015-06-29 23:54:05'),
(225, 990330863, 'الخرطوم', 'دكتور', 'د عفاف عقيد من 12صباحا الى 4مساء في  يشتبشرون : الرياض جوار اكادمية العلوم الطبية<br>|', '2015-06-29 23:54:09'),
(226, 990330863, 'الخرطوم', 'دكتور', '|', '2015-06-29 23:54:13'),
(227, 990330863, 'الخرطوم', 'دكتور', '|', '2015-06-29 23:54:17'),
(228, 990330863, 'الخرطوم', 'دكتور', '|', '2015-06-29 23:54:21'),
(229, 990330863, 'الخرطوم', 'دكتور', '|', '2015-06-29 23:54:24'),
(230, 990330863, 'الخرطوم', 'صيدلية', 'الرضا الحديثة: شارع السيد عبدالرحمن الزمخشري|المتخصصة: الصحافةشرق شمال مستشفى فؤاد|المركز الاستثماري: مركز عشميق شارع المك نمر|بلادي الحديثة: الكلاكة شرق|جبل اولياء: جبل اولياؤ السوق|شيكان: مقابل مستشفى فيصل|صيدليةصيدلية مستشفى فؤاد: السوق المحلى مستشفى ف', '2015-06-29 23:54:29'),
(231, 990330863, 'بحري', 'صيدلية', ' الملوك: جوار مركز صحى الحلفايا|الاكسير: الحاج يوسف شارع واحد|الفريق: شارع ام دوم شرق الاتحاد التعاونى|', '2015-06-29 23:54:35'),
(232, 990330863, 'بحري', 'صيدلية', ' الملوك: جوار مركز صحى الحلفايا<br>|الاكسير: الحاج يوسف شارع واحد<br>|الفريق: شارع ام دوم شرق الاتحاد التعاونى<br>|', '2015-06-29 23:55:59'),
(233, 990330863, 'بحري', 'معمل', 'الغرفة الطبية: الموسسة مقابل صيدلية السنجك<br>|المختبر الطبي الاستشاري: شارع الحوادث<br>|دكتور الامين محمد ابراهيم: شارع المعونة جوتر صيدلية الشعبية<br>|عبد الماجد ابراهيم الطاهر: الحلفايا عيادة دكتور مجدي لويس<br>|مركز الرحمة لتشخيص الطبي: جنوب مستشفى بح', '2015-06-29 23:56:04'),
(234, 990330863, 'امدرمان', 'معمل', ' دكتورة سناء الطاهر: مجمع امدرمان التشخيصي شارع الوادي<br>|اشعة هجو مصطفي: مجمع ام درمان التشخيصي<br>|المعل الطبي الحديث: شارع الدكاترة عقبالة صيدلية الحياة<br>|شقلبان: شرقي محطة شقلبان<br>|قسمة محمد مرسال: شارع الاربعين<br>|مركز الرنين المغنطيسي: الصلاح ', '2015-06-30 00:00:11'),
(235, 990330863, 'امدرمان', 'معمل', ' دكتورة سناء الطاهر: مجمع امدرمان التشخيصي شارع الوادي<br>|اشعة هجو مصطفي: مجمع ام درمان التشخيصي<br>|المعل الطبي الحديث: شارع الدكاترة عقبالة صيدلية الحياة<br>|شقلبان: شرقي محطة شقلبان<br>|قسمة محمد مرسال: شارع الاربعين<br>|مركز الرنين المغنطيسي: الصلاح ', '2015-06-30 00:00:18'),
(236, 990330863, 'امدرمان', 'صيدلية', '|', '2015-06-30 00:00:29'),
(237, 990330863, 'الخرطوم', 'صيدلية', 'الرضا الحديثة: شارع السيد عبدالرحمن الزمخشري<br>|المتخصصة: الصحافةشرق شمال مستشفى فؤاد<br>|المركز الاستثماري: مركز عشميق شارع المك نمر<br>|بلادي الحديثة: الكلاكة شرق<br>|جبل اولياء: جبل اولياؤ السوق<br>|شيكان: مقابل مستشفى فيصل<br>|صيدليةصيدلية مستشفى فؤا', '2015-06-30 00:54:25'),
(238, 990330863, 'الخرطوم', 'غير معروف', 'الرجاء تحديد نوع الخدمة ', '2015-06-30 00:54:41'),
(239, 990330863, 'الخرطوم', 'صيدلية', 'الرضا الحديثة: شارع السيد عبدالرحمن الزمخشري<br>|المتخصصة: الصحافةشرق شمال مستشفى فؤاد<br>|المركز الاستثماري: مركز عشميق شارع المك نمر<br>|بلادي الحديثة: الكلاكة شرق<br>|جبل اولياء: جبل اولياؤ السوق<br>|شيكان: مقابل مستشفى فيصل<br>|صيدليةصيدلية مستشفى فؤا', '2015-06-30 00:54:51'),
(240, 2147483647, 'الخرطوم', 'صيدلية', 'الرضا الحديثة: شارع السيد عبدالرحمن الزمخشري<br>|المتخصصة: الصحافةشرق شمال مستشفى فؤاد<br>|المركز الاستثماري: مركز عشميق شارع المك نمر<br>|بلادي الحديثة: الكلاكة شرق<br>|جبل اولياء: جبل اولياؤ السوق<br>|شيكان: مقابل مستشفى فيصل<br>|صيدليةصيدلية مستشفى فؤا', '2003-12-31 22:35:19'),
(241, 2147483647, 'الخرطوم', 'صيدلية', 'الرضا الحديثة: شارع السيد عبدالرحمن الزمخشري|المتخصصة: الصحافةشرق شمال مستشفى فؤاد|المركز الاستثماري: مركز عشميق شارع المك نمر|بلادي الحديثة: الكلاكة شرق|جبل اولياء: جبل اولياؤ السوق|شيكان: مقابل مستشفى فيصل|صيدليةصيدلية مستشفى فؤاد: السوق المحلى مستشفى ف', '2003-12-31 23:05:39');

-- --------------------------------------------------------

--
-- Table structure for table `specialist`
--

CREATE TABLE IF NOT EXISTS `specialist` (
  `id` int(11) NOT NULL AUTO_INCREMENT,
  `dr_name` varchar(45) NOT NULL,
  `specialist` varchar(45) NOT NULL,
  `key` int(11) NOT NULL,
  PRIMARY KEY (`id`)
) ENGINE=InnoDB  DEFAULT CHARSET=utf8 AUTO_INCREMENT=39 ;

--
-- Dumping data for table `specialist`
--

INSERT INTO `specialist` (`id`, `dr_name`, `specialist`, `key`) VALUES
(1, 'الفاضل العبيد عمر', 'باطنية', 1),
(2, 'محي الدين سر الختم', 'اطفال', 2),
(3, 'مصطفى البدري', 'باطنية', 1),
(4, 'على ابراهيم', 'اطنية ومناظر وجهاز هضمي', 3),
(5, 'بوالقاسم ابوقرجة', 'جراحة مناظير', 4),
(6, 'حمد ابو القاسم', 'باطنية وصدر', 5),
(7, 'مروان عبدالملك', 'باطنية وصدر', 5),
(8, 'عفاف عقيد', 'باطنية وصدر', 5),
(9, 'محمدعثمان مكي', 'باطنية وغددوسكري', 6),
(10, 'كمال الدين العمدة', 'باطنية وقلب', 7),
(11, 'عوض عبدالله احمد', 'باطنية وقلب', 7),
(12, 'محمد ابراهيم', 'باطنية وكلى', 8),
(13, 'احباب عبدالله', 'باطنية,وكلى', 8),
(14, 'جلال الدين ابراهيم', 'اطفال', 9),
(15, 'الفاضل محمد', 'باطنية ومخ واعصاب', 10),
(16, 'الفاتح عبدالله', 'باطنية ومخ واعصاب', 10),
(17, 'عبدالمنعم خضر', 'طب واسنان', 11),
(18, 'عثمان حسن', 'باطنية وامراض الدم', 12),
(19, 'موسى احمدنور', 'روماتيزم', 13),
(20, 'حسن مصطفى', 'غدد واورام', 14),
(21, 'زاهر يس', 'غدد واورام', 14),
(22, 'حسن الصادق', 'جراحة عامة', 15),
(23, 'عمر عبدالعزيز', 'باطنية وصدر', 5),
(24, 'الجليى', 'عيون', 16),
(25, 'نجم الدين', 'عيون', 16),
(26, 'محمدبابكر', 'عيون', 0),
(27, 'عشميق', 'نساءوتوليد', 0),
(28, 'صلاح الدين', 'تناسلية', 0),
(29, 'محمد عبدالرحيم', 'تناسلية', 0),
(30, 'منى جمال', 'نساءوتوليد', 0),
(31, 'حسب الرسول', 'انف واذن وحنجرة', 0),
(32, 'الباقر محمد احمد', 'انف واذن وحنجرة', 0),
(33, 'يوسف محمد', 'جلدية', 0),
(34, 'عمر كمبلى', 'جلدية', 0),
(35, 'سمير فرنسي', 'علاج طبيعي', 0),
(36, 'محمدالطيب', 'علاج طبيغي', 0),
(37, 'مركز الروضة', 'علاج طبيعى', 0),
(38, 'محاسن محمد', 'جلدية', 0);

-- --------------------------------------------------------

--
-- Table structure for table `works_at`
--

CREATE TABLE IF NOT EXISTS `works_at` (
  `clinic_id` int(11) NOT NULL,
  `dr_id` int(11) NOT NULL,
  `availability` varchar(45) NOT NULL,
  KEY `clinic_id` (`clinic_id`),
  KEY `dr_id` (`dr_id`)
) ENGINE=InnoDB DEFAULT CHARSET=utf8;

--
-- Dumping data for table `works_at`
--

INSERT INTO `works_at` (`clinic_id`, `dr_id`, `availability`) VALUES
(1, 1, '1صباحا الى 5صباحا'),
(3, 2, '6مساء الى 10مساء '),
(4, 3, '10صباحا الى 3مساء'),
(2, 8, '12صباحا الى 4مساء'),
(22, 9, '6مساء الى مساء'),
(6, 4, '4مساء الى 8مساء'),
(22, 6, '2مساء الى 4مساء'),
(6, 10, '1مساء الى 4مساء'),
(8, 12, '10صباحا الى 3مساء'),
(2, 18, '8مساء الى 10مساء'),
(7, 19, '4مساء الى 6مساء'),
(15, 14, '8صباحا الى 12مساء'),
(16, 17, '7صباحا الى 10صباحا'),
(6, 16, '6مساء الى 8مساء'),
(22, 15, '5مساء الى 8مساء'),
(22, 14, '3مساء الى 6مساء'),
(12, 19, '4مساء الى 8مساء'),
(11, 15, '9صباحا الى 2مساء');

--
-- Constraints for dumped tables
--

--
-- Constraints for table `clinic`
--
ALTER TABLE `clinic`
  ADD CONSTRAINT `clinic_ibfk_1` FOREIGN KEY (`loc_id`) REFERENCES `location` (`id`) ON DELETE CASCADE ON UPDATE CASCADE;

--
-- Constraints for table `lab`
--
ALTER TABLE `lab`
  ADD CONSTRAINT `lab_ibfk_1` FOREIGN KEY (`loc_id`) REFERENCES `location` (`id`) ON DELETE CASCADE ON UPDATE CASCADE;

--
-- Constraints for table `pharmacy`
--
ALTER TABLE `pharmacy`
  ADD CONSTRAINT `pharmacy_ibfk_1` FOREIGN KEY (`loc_id`) REFERENCES `location` (`id`) ON DELETE CASCADE ON UPDATE CASCADE;

--
-- Constraints for table `works_at`
--
ALTER TABLE `works_at`
  ADD CONSTRAINT `works_at_ibfk_1` FOREIGN KEY (`clinic_id`) REFERENCES `clinic` (`id`) ON DELETE CASCADE ON UPDATE CASCADE,
  ADD CONSTRAINT `works_at_ibfk_2` FOREIGN KEY (`dr_id`) REFERENCES `specialist` (`id`) ON DELETE CASCADE ON UPDATE CASCADE;

/*!40101 SET CHARACTER_SET_CLIENT=@OLD_CHARACTER_SET_CLIENT */;
/*!40101 SET CHARACTER_SET_RESULTS=@OLD_CHARACTER_SET_RESULTS */;
/*!40101 SET COLLATION_CONNECTION=@OLD_COLLATION_CONNECTION */;
